<?xml version="1.0" encoding="UTF-8"?>
<root>
  <item name="com.jsibbold.zoomage.AutoResetMode">
    <annotation name="androidx.annotation.IntDef">
      <val name="value" val="{com.jsibbold.zoomage.AutoResetMode.NEVER, com.jsibbold.zoomage.AutoResetMode.UNDER, com.jsibbold.zoomage.AutoResetMode.OVER, com.jsibbold.zoomage.AutoResetMode.ALWAYS}" />
    </annotation>
  </item>
  <item name="com.jsibbold.zoomage.AutoResetMode.Parser int fromInt(int)">
    <annotation name="androidx.annotation.IntDef">
      <val name="value" val="{com.jsibbold.zoomage.AutoResetMode.NEVER, com.jsibbold.zoomage.AutoResetMode.UNDER, com.jsibbold.zoomage.AutoResetMode.OVER, com.jsibbold.zoomage.AutoResetMode.ALWAYS}" />
    </annotation>
  </item>
  <item name="com.jsibbold.zoomage.ZoomageView autoResetMode">
    <annotation name="androidx.annotation.IntDef">
      <val name="value" val="{com.jsibbold.zoomage.AutoResetMode.NEVER, com.jsibbold.zoomage.AutoResetMode.UNDER, com.jsibbold.zoomage.AutoResetMode.OVER, com.jsibbold.zoomage.AutoResetMode.ALWAYS}" />
    </annotation>
  </item>
  <item name="com.jsibbold.zoomage.ZoomageView int getAutoResetMode()">
    <annotation name="androidx.annotation.IntDef">
      <val name="value" val="{com.jsibbold.zoomage.AutoResetMode.NEVER, com.jsibbold.zoomage.AutoResetMode.UNDER, com.jsibbold.zoomage.AutoResetMode.OVER, com.jsibbold.zoomage.AutoResetMode.ALWAYS}" />
    </annotation>
  </item>
  <item name="com.jsibbold.zoomage.ZoomageView void setAutoResetMode(int) 0">
    <annotation name="androidx.annotation.IntDef">
      <val name="value" val="{com.jsibbold.zoomage.AutoResetMode.NEVER, com.jsibbold.zoomage.AutoResetMode.UNDER, com.jsibbold.zoomage.AutoResetMode.OVER, com.jsibbold.zoomage.AutoResetMode.ALWAYS}" />
    </annotation>
  </item>
</root>

